{"metaVersion":2,"name":"Interface Web Hospedada","icon":"fad fa-project-diagram","executionType":"InterfaceWeb","author":"luiz.antonio","created":"2024-06-12T21:42:22.000","simple":false,"embedded":false,"viewName":"bpm_interface_web_hospedada","contextVariable":[{"id":"40289202900c517a01900d8a228f4ec3","processId":265,"processVersion":2,"name":"form-check","label":"Form Check","variableType":"Boolean","visible":false,"orderField":0,"visibleForRequester":false,"deprecated":true,"visibleForDecisionCenter":false},{"id":"40289202900c517a01900d8a22964ec4","processId":265,"processVersion":4,"name":"numCep","label":"CEP","variableType":"String","visible":false,"orderField":1,"visibleForRequester":false,"deprecated":false,"visibleForDecisionCenter":false},{"id":"40289202900c517a01900d8a22984ec5","processId":265,"processVersion":4,"name":"estDes","label":"Estado","variableType":"String","visible":false,"orderField":2,"visibleForRequester":false,"deprecated":false,"visibleForDecisionCenter":false},{"id":"40289202900c517a01900d8a229a4ec6","processId":265,"processVersion":4,"name":"nomDes","label":"Destino","variableType":"String","visible":false,"orderField":3,"visibleForRequester":false,"deprecated":false,"visibleForDecisionCenter":false},{"id":"40289202900c517a01900d8a229d4ec7","processId":265,"processVersion":4,"name":"desMot","label":"Motivo","variableType":"String","visible":false,"orderField":4,"visibleForRequester":false,"deprecated":false,"visibleForDecisionCenter":false},{"id":"40289202900c517a01900dfe7dff35d5","processId":265,"processVersion":4,"name":"gridCheck","label":"Form Check","variableType":"Boolean","visible":false,"orderField":0,"visibleForRequester":false,"deprecated":false,"visibleForDecisionCenter":false}],"services":[],"customAssignments":[],"conectorConfigurations":[],"conectorInputConfigurationValues":[],"formUrl":"Interface Web Hospedada","variableVisibility":"RESTRICT","attachTabVisibility":true,"thirdPartyEdition":"Y3JpZTJjb207dHJ1ZQ\u003d\u003d","taskVisibleAfterTreated":false}